ABE	CLE	-3.8152038454691115
ABE	IND	-1.0
ABE	BDL	0.0
ABE	DCA	0.3835978835978836
ABE	CLT	1.228503421600714
ABE	IAD	2.168805528134255
ABE	DTW	2.6739938080495356
ABE	RDU	3.0
ABE	PIT	3.019098090190981
ABE	CVG	3.195371205290051
ABI	LAX	0.0
ABI	DFW	3.8689159922489456
ABI	IAH	5.570802005012531
ABQ	CLE	-0.8571428571428571
ABQ	AUS	1.8532188841201718
ABQ	IAH	2.285044098329893
ABQ	SMF	3.1730558598028478
ABQ	ONT	3.752212389380531
ABQ	SNA	4.0
ABQ	SAT	4.491062039957939
ABQ	COS	4.491244239631336
ABQ	SLC	4.700262246252469
ABQ	DFW	4.731397730500695
ABY	MCN	-2.0
ABY	VLD	0.0
ABY	ATL	9.930758113257127
ACK	LGA	7.3
ACK	EWR	24.21221613155834
ACK	JFK	40.82789317507418
ACT	DFW	1.336382485668984
ACT	IAH	4.6779351301964365
ACT	ILE	110.0
ACT	TYR	155.0
ACT	SJT	204.0
ACV	SLC	0.6343283582089553
ACV	SMF	3.7611221309152736
ACV	CEC	3.831610536845615
ACV	SFO	13.914349864623919
ACV	RDD	64.0
ACV	MFR	144.75
ACY	BWI	0.0
ACY	BOS	1.1395348837209303
ACY	CVG	1.5949820788530467
ACY	PIT	3.6358638189892156
ACY	MCO	8.461538461538462
ACY	ATL	21.97872340425532
ACY	LGA	52.40909090909091
ACY	JFK	64.83333333333333
ACY	MYR	222.0
ADK	ANC	4.1678832116788325
ADK	AKN	27.181571815718158
ADQ	ANC	9.052532207907596
ADQ	BET	13.5
AEX	ILE	-5.0
AEX	AUS	-5.0
AEX	MSY	0.0
AEX	HOU	0.0
AEX	BTR	0.0
AEX	ABI	0.0
AEX	JAN	0.0
AEX	LFT	0.0
AEX	IAH	0.9816450455423682
AEX	MLU	2.0
AGS	CVG	-10.0
AGS	CLE	-8.571428571428571
AGS	CHA	0.0
AGS	CHS	0.0
AGS	CLT	2.675562969140951
AGS	IAH	5.2004381161007665
AGS	SAV	7.3183602267771475
AGS	ATL	8.081907697129575
AGS	CAE	8.682529335071708
AGS	LGA	14.285714285714286
AKN	DLG	8.016348773841962
AKN	ANC	10.16005040957782
AKN	ADK	14.725641025641025
ALB	SWF	-1.8641975308641976
ALB	SYR	1.6157894736842104
ALB	RDU	2.232115018188117
ALB	CVG	2.90784489289896
ALB	PVD	2.9864864864864864
ALB	BTV	3.1194029850746268
ALB	DTW	3.6068237831176835
ALB	ISP	4.388203753351206
ALB	MHT	4.492146596858639
ALB	BUF	4.704648648648648
ALO	RST	4.3076923076923075
ALO	MSP	6.195304162219851
ALO	STL	7.25
AMA	LBB	3.321791320406279
AMA	LAS	3.731661588938364
AMA	IAH	4.715454154111064
AMA	DFW	4.784648533432185
AMA	MAF	6.733980582524272
AMA	DAL	6.745798573328497
AMA	ABQ	7.00535060546325
AMA	DEN	9.670682730923694
AMA	PHX	11.0
AMA	TUL	22.0
ANC	YAK	0.0
ANC	DTW	1.1130389064143007
ANC	MSP	5.087820462869165
ANC	SLC	5.6030326594090205
ANC	ADK	6.220588235294118
ANC	EWR	6.333333333333333
ANC	CVG	6.661354581673307
ANC	OME	6.931143732178688
ANC	SEA	7.0546781363312245
ANC	DEN	7.549095966620306
ANI	ANC	1.8831775700934579
ANI	KSM	7.936507936507937
APF	TPA	2.696271929824561
APF	MIA	4.105263157894737
APF	ATL	11.248662000823384
ASE	ATL	8.666666666666666
ASE	DEN	9.668087827755276
ASE	SLC	11.565471836137528
ASE	PHX	15.926470588235293
ASE	LAX	16.75310834813499
ASE	SFO	39.66197183098591
ASE	ORD	48.98640776699029
ATL	CBM	-3.0
ATL	FCA	4.195652173913044
ATL	OGG	5.181286549707602
ATL	LGB	6.524122807017544
ATL	LWB	6.93716814159292
ATL	CLT	7.334583792105545
ATL	GSP	7.381552008406863
ATL	HTS	7.534116331096197
ATL	SNA	7.690313182811362
ATL	MEM	7.895396869108395
ATW	CHS	-23.0
ATW	CWA	-9.054545454545455
ATW	GRB	-0.4574468085106383
ATW	MKE	-0.0282021151586369
ATW	MSP	3.9588178294573644
ATW	CVG	4.425023284694194
ATW	DTW	5.532873806998939
ATW	ATL	12.4678681527152
ATW	ORD	15.411321335179203
ATW	DSM	185.0
AUS	CMH	-6.333333333333333
AUS	IND	-0.7610062893081762
AUS	SNA	-0.37254901960784315
AUS	TUL	-0.22637362637362637
AUS	CLE	0.2764227642276423
AUS	MEM	0.5458686131386862
AUS	TUS	1.1848137535816619
AUS	MIA	1.2768273716951788
AUS	SAT	2.4012836185819073
AUS	CLT	2.5814814814814815
AVL	LEX	-2.0
AVL	TRI	0.0
AVL	IAH	1.0764482431149098
AVL	MCO	2.9347826086956523
AVL	CLT	3.08887103254319
AVL	MSP	3.5923076923076924
AVL	LGA	5.0
AVL	BWI	5.438658428949691
AVL	CVG	5.636734693877551
AVL	DTW	8.275075987841944
AVP	HPN	-1.0
AVP	ELM	1.722972972972973
AVP	BWI	1.9127857747671464
AVP	ABE	2.7041062801932365
AVP	PHL	2.824083011583012
AVP	PIT	3.560528992878942
AVP	CVG	3.680693641618497
AVP	MDT	4.087962962962963
AVP	CLT	4.745762711864407
AVP	DTW	9.010317460317461
AZO	LAN	-3.0310760667903525
AZO	GRB	-1.7838164251207729
AZO	SBN	0.3103448275862069
AZO	PIT	1.435655253837072
AZO	DTW	3.0629743258517683
AZO	CVG	3.137313932095668
AZO	DAY	3.240458811261731
AZO	MSP	3.41932059447983
AZO	ORD	8.420051200442815
AZO	ATL	10.127345844504022
BDL	SWF	-8.0
BDL	MEM	-0.8541666666666666
BDL	HPN	-0.6666666666666666
BDL	ALB	0.0
BDL	IAH	0.35833333333333334
BDL	ROC	1.551532033426184
BDL	DAY	1.9447852760736197
BDL	CLE	2.464441430093983
BDL	MIA	2.530762920426579
BDL	ISP	2.5954545454545452
BET	ANI	4.674418604651163
BET	ADQ	6.023809523809524
BET	KSM	6.177884615384615
BET	ANC	9.959116925592804
BFF	RAP	131.0
BFI	DEN	28.0
BFL	SMF	-5.1976401179941005
BFL	SAN	-1.3661971830985915
BFL	SLC	0.09243697478991597
BFL	DEN	1.097305389221557
BFL	BUR	1.1833333333333333
BFL	SNA	1.530612244897959
BFL	IAH	2.55590427618674
BFL	LAX	2.940144665461121
BFL	PHX	3.058311855670103
BFL	SBA	4.031168831168831
BGM	ELM	-0.9778761061946902
BGM	ITH	0.3316582914572864
BGM	IAD	1.6704402515723271
BGM	CVG	1.983982683982684
BGM	BWI	3.727272727272727
BGM	PIT	4.267285723829247
BGM	PHL	4.353191489361702
BGM	JFK	7.823529411764706
BGM	DTW	8.004728132387706
BGM	ATL	13.624347826086957
BGR	SWF	0.11487303506650544
BGR	PWM	0.8398497901480009
BGR	SYR	0.8830188679245283
BGR	MHT	2.3119658119658117
BGR	PIT	2.9545454545454546
BGR	BTV	4.0423728813559325
BGR	PVD	5.450716456795484
BGR	MSP	6.7368421052631575
BGR	BOS	6.7936588921282794
BGR	CVG	7.6347559537844845
BHM	CLE	-2.9096296296296296
BHM	MEM	0.5983945754599391
BHM	RDU	0.8190630048465266
BHM	DCA	0.9740740740740741
BHM	HSV	2.208840068000523
BHM	DTW	2.4226696495152873
BHM	CLT	2.8881944158888113
BHM	STL	3.085067459410016
BHM	IAH	3.478857272418093
BHM	CVG	3.6472878998609177
BIL	PHX	-4.0588235294117645
BIL	BZN	-1.7184285955150902
BIL	FCA	-0.5327731092436975
BIL	MSP	0.7394945778466305
BIL	CVG	1.2942857142857143
BIL	HLN	2.24
BIL	SFO	3.3076923076923075
BIL	SLC	3.5872304078582107
BIL	JAC	3.7756097560975608
BIL	GEG	4.532467532467533
BIS	CPR	-1.2828282828282829
BIS	SLC	0.07156927117531188
BIS	MOT	0.9128622469233822
BIS	MSP	1.9811724748966333
BIS	DEN	3.380740441027716
BIS	FSD	8.03227931488801
BIS	FAR	66.33333333333333
BJI	MSP	5.3689839572192515
BLI	SLC	1.317184643510055
BLI	SEA	4.601367152365533
BMI	LAS	1.52
BMI	MCO	5.66307541625857
BMI	ATL	10.662173250498183
BMI	ORD	11.824257202203558
BNA	FSD	-23.0
BNA	CID	-8.0
BNA	COS	-7.0
BNA	OMA	1.4953271028037383
BNA	TUL	2.4827586206896552
BNA	SDF	2.8353647444060397
BNA	CLT	3.140623075975865
BNA	MEM	3.2792396671852804
BNA	PIT	3.367880627212949
BNA	GSP	3.6941838649155723
BOI	FAT	0.9047619047619048
BOI	DFW	1.25
BOI	IAH	3.2756756756756755
BOI	PHX	3.611568700861101
BOI	SLC	3.6908589624106867
BOI	ATL	4.050955414012739
BOI	DEN	4.273757628596338
BOI	MSP	4.664840182648402
BOI	RNO	5.02551506708703
BOI	ONT	5.691073219658977
BOS	SWF	-5.0
BOS	ONT	-4.0
BOS	AUS	1.2166089965397924
BOS	LGA	3.0314992482928096
BOS	MSY	3.2839116719242902
BOS	LGB	4.986319389634307
BOS	OAK	5.393518518518518
BOS	MDW	5.837130801687763
BOS	DCA	5.8880312665433605
BOS	BDL	5.957978421351505
BPT	IAH	2.3302859365882123
BPT	DFW	2.7187725631768953
BPT	ATL	9.021505376344086
BQK	ATL	9.055733699801497
BQN	JFK	0.9792817679558011
BQN	MIA	1.0824644549763034
BQN	EWR	6.752674368848951
BQN	MCO	8.586341463414634
BRO	IAH	2.944967880085653
BRW	ANC	8.573074908328968
BRW	SCC	9.277294685990338
BRW	FAI	10.788969385370414
BTM	SLC	0.9791666666666666
BTM	HLN	2.6136363636363638
BTM	BZN	2.6738394584139265
BTM	MSO	141.0
BTR	CRP	-8.0
BTR	AEX	-1.5
BTR	MEM	0.7347476926764953
BTR	SHV	1.1873536299765808
BTR	BNA	1.8976085031000887
BTR	MSY	2.475663716814159
BTR	BHM	2.6077688299384176
BTR	JAN	2.7152542372881356
BTR	LFT	3.9291784702549575
BTR	IAH	5.182482109597099
BTV	PWM	-5.729508196721311
BTV	COS	-4.0
BTV	MCO	-0.14776632302405499
BTV	SYR	0.4613861386138614
BTV	HPN	0.8333333333333334
BTV	BDL	1.2545454545454546
BTV	ALB	1.2877871825876663
BTV	MHT	3.721432074546346
BTV	CLE	3.8069883527454245
BTV	BWI	4.6661016949152545
BUF	ISP	-14.0
BUF	RDU	1.248555840821566
BUF	DTW	1.8498686541633576
BUF	FLL	3.0661290322580643
BUF	BDL	3.6360046457607433
BUF	ROC	4.069308985266653
BUF	ALB	4.070830650354154
BUF	MSP	4.322054072436661
BUF	DCA	5.010336391437309
BUF	CVG	5.051952216788263
BUR	MCO	-3.183333333333333
BUR	SBA	-1.280373831775701
BUR	ONT	0.9706652697747512
BUR	PMD	1.0
BUR	LGB	1.5813802083333333
BUR	SNA	2.267605633802817
BUR	SLC	2.5137830569251456
BUR	DEN	3.0998771614854013
BUR	RNO	3.47
BUR	DFW	4.003513350732785
BWI	MLB	1.161473087818697
BWI	DAB	1.5084745762711864
BWI	SRQ	1.5500264690312335
BWI	IAD	1.7972027972027973
BWI	UCA	3.3259031514219832
BWI	CHO	3.744927536231884
BWI	BGM	3.7951339915373765
BWI	DCA	3.9706422018348624
BWI	GSP	4.192834562697576
BWI	SJU	4.2033967253127225
BZN	LAX	-7.2727272727272725
BZN	BIL	-0.08857236411263916
BZN	SLC	3.7912337662337663
BZN	MSP	3.926839535275299
BZN	DEN	5.565647332557753
BZN	MSO	6.464149839040093
BZN	BTM	6.961219512195122
BZN	ATL	9.751677852348994
BZN	GTF	10.462264150943396
BZN	DTW	11.160804020100503
CAE	JAX	-10.0
CAE	FLL	-6.0
CAE	DAB	-5.0
CAE	AEX	-5.0
CAE	HOU	0.0
CAE	JFK	0.0
CAE	GSP	0.84375
CAE	RDU	1.1232105139638582
CAE	CLT	2.9539973654878913
CAE	GSO	2.998165137614679
CAK	RSW	0.3908355795148248
CAK	IND	0.9459459459459459
CAK	DEN	1.3493927125506073
CAK	TPA	1.4184272300469483
CAK	LAS	1.825910931174089
CAK	CLT	1.9072995969547695
CAK	FWA	2.280141843971631
CAK	CMH	2.5310880829015545
CAK	PIT	2.8278433809819763
CAK	DAY	3.2659971975712283
CCR	LAX	2.6387145367813205
CDC	SLC	3.346297896859695
CDC	SGU	7.473282442748092
CDC	LAX	50.5
CDV	YAK	7.197787991956335
CDV	ANC	8.905211912943871
CEC	SMF	2.018867924528302
CEC	ACV	5.409933774834437
CEC	SFO	25.063988095238095
CHA	TYS	-14.4
CHA	SDF	-8.0
CHA	TOL	0.0
CHA	BNA	0.6538102643856921
CHA	BHM	1.375
CHA	MEM	1.4746909947027664
CHA	CLT	1.6933819917187172
CHA	DTW	2.8450704225352115
CHA	IAH	2.960953346855984
CHA	CVG	3.72255880256593
CHO	IAD	-0.4803921568627451
CHO	RIC	0.7425925925925926
CHO	LYH	1.616867469879518
CHO	CVG	1.6179196704428425
CHO	ROA	2.8887545344619103
CHO	BWI	3.8916256157635467
CHO	CLT	3.974548049476689
CHO	ATL	9.016322701688555
CHO	LGA	15.8369384359401
CHO	DCA	87.5
CHS	CLE	-2.74
CHS	RDU	0.4238461538461539
CHS	GSP	1.996577686516085
CHS	GSO	2.1245239908606246
CHS	DCA	2.8687394144689087
CHS	CLT	3.10014285368393
CHS	MYR	3.4
CHS	ORF	3.5707717569786537
CHS	IAH	3.925564538611653
CHS	JFK	4.255791505791506
CIC	SFO	10.121965401947957
CIC	SMF	122.0
CID	ICT	0.0
CID	MLI	0.6640658864325965
CID	CVG	2.3673813945635658
CID	DSM	2.4755213055303718
CID	MSP	2.527126099706745
CID	SUX	2.570779712339137
CID	STL	3.187020604602196
CID	OMA	3.9970238095238093
CID	PIA	4.563758389261745
CID	FSD	5.142857142857143
CKB	CVG	9.166666666666666
CKB	PIT	20.0
CKB	LEX	130.0
CLD	PHX	1.1648016276703967
CLD	LAX	3.9246586217846935
CLE	TUL	-5.0
CLE	CHS	-1.0533333333333332
CLE	DAB	-0.5517241379310345
CLE	MYR	-0.5169491525423728
CLE	AGS	-0.14285714285714285
CLE	SJU	-0.11816192560175055
CLE	FWA	0.0
CLE	HPN	0.1702728127939793
CLE	ABE	0.7014766055861946
CLE	MDT	0.887560417196642
CLL	DFW	2.1475638051044084
CLL	IAH	2.833966793358672
CLL	ILE	165.0
CLT	MDW	1.3133802816901408
CLT	LWB	1.5
CLT	CAK	2.5020538566864445
CLT	TUS	3.360544217687075
CLT	CHO	3.5138014527845036
CLT	MGM	3.650851581508516
CLT	ISO	3.977119784656797
CLT	SLC	4.15234375
CLT	MOB	4.692566754871302
CLT	TYS	4.742660183418478
CMH	OMA	-5.0
CMH	AUS	-5.0
CMH	SYR	-5.0
CMH	CLE	1.047270214236351
CMH	SDF	1.3529411764705883
CMH	CAK	3.4973684210526317
CMH	SLC	3.9229390681003586
CMH	IND	4.140255009107468
CMH	DFW	4.149068101635722
CMH	MEM	4.157088812826518
CMI	PIT	1.1078260869565217
CMI	CVG	1.902127659574468
CMI	DAY	2.9280490681764566
CMI	PIA	3.412568306010929
CMI	STL	3.841726618705036
CMI	DFW	5.978073610023492
CMI	ATL	6.665137614678899
CMI	ORD	8.163503649635036
CMX	MSP	13.512448132780083
COD	DEN	-0.6202090592334495
COD	SLC	2.4377097315436242
COD	CPR	162.0
COS	PUB	0.9264349232012935
COS	ICT	2.4423569598633645
COS	SLC	2.48490521881582
COS	SAN	2.5413135593220337
COS	IAH	2.550640131829129
COS	STL	3.3378699161259693
COS	MSP	3.9857568027210886
COS	DFW	4.708550733533853
COS	DEN	4.811284351863471
COS	MCI	5.198487712665407
CPR	ORD	2.49618320610687
CPR	RAP	3.245
CPR	SLC	3.3094594594594593
CPR	BIS	3.4695945945945947
CPR	DEN	5.429090520465961
CPR	MSP	8.873015873015873
CRP	AUS	1.380327868852459
CRP	SAT	1.8051948051948052
CRP	IAH	3.3613033646268757
CRP	DFW	5.436966483960823
CRP	MFE	5.666666666666667
CRP	HOU	6.375700029474925
CRP	BRO	13.5
CRP	HRL	14.285714285714286
CRP	ATL	15.165793103448276
CRW	DTW	-0.14146341463414633
CRW	CLE	-0.05142857142857143
CRW	GSP	0.0
CRW	CHO	0.0
CRW	IAD	2.436967865970887
CRW	CVG	3.1342521694742214
CRW	IAH	4.67758346581876
CRW	CLT	4.678974132213133
CRW	BNA	5.0
CRW	LGA	5.06440281030445
CSG	ATL	6.974713438166004
CVG	AGS	-3.0
CVG	SMF	3.0
CVG	HTS	3.4393700787401573
CVG	SCE	4.509141617601488
CVG	XNA	4.620068344206275
CVG	SJU	4.850446428571429
CVG	PFN	4.877419354838709
CVG	IAH	5.140012234078706
CVG	MSY	5.179899311810078
CVG	ACY	5.200238379022646
CWA	MLI	-3.0
CWA	ATW	0.5079365079365079
CWA	MKE	0.833578792341679
CWA	MSP	2.1300411522633746
CWA	DTW	7.574833174451859
CWA	ORD	16.41191135734072
CYS	DEN	145.0
DAB	CLE	-3.9651741293532337
DAB	MCO	0.10588235294117647
DAB	BWI	0.8807947019867549
DAB	JAX	1.3134146341463415
DAB	RDU	1.6669941060903732
DAB	DFW	1.7333333333333334
DAB	CLT	4.715244755244755
DAB	PHL	5.112820512820512
DAB	ATL	6.824532224532224
DAB	MLB	7.122802197802198
DAL	DFW	-6.0
DAL	ORD	6.173222089789432
DAL	LAX	6.563308947664603
DAL	IAH	6.695646494616432
DAL	AUS	7.2100963575331605
DAL	SAT	7.211294092647684
DAL	TUL	8.037152956771486
DAL	ELP	8.066339869281046
DAL	OKC	8.102052029840022
DAL	HOU	8.158074551555236
DAY	LAS	-1.3725490196078431
DAY	BNA	-1.25
DAY	MKE	1.3132530120481927
DAY	BDL	1.3190184049079754
DAY	GSO	1.545129579982127
DAY	CLE	2.089472860941655
DAY	CMH	2.646840148698885
DAY	IAD	2.785450061652281
DAY	MSP	3.3571689831748355
DAY	DTW	3.673299713779474
DBQ	LSE	1.0
DBQ	ORD	5.741986634952996
DCA	LFT	-1.0833333333333333
DCA	LIT	0.0
DCA	MYR	0.875
DCA	HOU	1.3506172839506172
DCA	BHM	1.6805555555555556
DCA	MKE	2.104859335038363
DCA	LGA	2.3290181753947676
DCA	MDW	2.84511687939194
DCA	CLE	3.1477246343162295
DCA	LAX	3.2251928020565552
DEN	BTR	-2.0
DEN	RKS	1.675417661097852
DEN	HSV	2.522700814901048
DEN	FCA	3.063106796116505
DEN	BFL	4.085836909871245
DEN	TVC	4.505747126436781
DEN	PIA	5.154015401540154
DEN	MEM	5.452629180197118
DEN	LGB	5.672781065088757
DEN	IDA	5.778752886836028
DET	IND	3.4802981895633653
DET	MDW	6.392717045370439
DET	STL	9.480493827160494
DET	BNA	11.594650205761317
DFW	AGS	0.0
DFW	LYH	0.0
DFW	PHF	0.0
DFW	TOL	3.4274193548387095
DFW	TYR	3.892036944583125
DFW	BPT	4.2994633273703045
DFW	ILE	4.306047851129819
DFW	SPS	4.42908739116414
DFW	ACT	4.43528196402528
DFW	GRB	4.641221374045801
DHN	VPS	0.0
DHN	ATL	11.57642928786359
DLG	AKN	7.371727748691099
DLG	ANC	11.504788306451612
DLG	ADQ	20.25
DLH	MSP	3.3591641747502003
DLH	DTW	7.448422847399829
DLH	ORD	7.597909790979098
DRO	SLC	0.7358044164037855
DRO	IAH	4.179775280898877
DRO	PHX	4.485382541986316
DRO	GJT	5.341258741258741
DRO	DEN	5.548834343226867
DRO	DFW	6.847165991902834
DRO	ABQ	23.0
DSM	MLI	-8.0
DSM	CLE	-4.122302158273381
DSM	LAX	-3.0
DSM	AUS	-2.0
DSM	LNK	-0.7631578947368421
DSM	MKE	0.21822272215973004
DSM	BNA	0.7511737089201878
DSM	PIT	1.4823410696266397
DSM	SLC	1.9666666666666666
DSM	IAH	1.9900299102691925
DTW	ITH	-4.397260273972603
DTW	CRW	2.9757281553398056
DTW	ORH	3.412707182320442
DTW	SCE	3.707736389684814
DTW	DAY	4.278894133513149
DTW	FWA	4.494097222222222
DTW	HPN	4.734500736710869
DTW	SBN	5.147170935080405
DTW	AUS	5.408517350157728
DTW	CHS	5.501368363437329
DUT	ANC	14.652296973655563
EAU	LSE	-12.38623326959847
EAU	MSP	2.0492572322126663
EFD	IAH	-0.6531375935521013
EGE	IAH	3.5063613231552164
EGE	IAD	5.352941176470588
EGE	PHX	6.603921568627451
EGE	DEN	6.628501400560224
EGE	CVG	8.796296296296296
EGE	ATL	10.168276972624799
EGE	DFW	11.129877582249426
EGE	LAX	13.148986889153754
EGE	MSP	13.740458015267176
EGE	ORD	13.882234185733513
EKO	SLC	1.5048592832557197
EKO	RNO	6.38531691746466
ELM	BGM	-1.281391830559758
ELM	AVP	-1.2
ELM	ITH	1.5092105263157896
ELM	SYR	1.906631762652705
ELM	PIT	3.764956636777892
ELM	DTW	4.539420935412027
ELP	SLC	-0.10836584308625921
ELP	ONT	1.5774058577405858
ELP	IAH	2.278627098321343
ELP	DEN	3.8533716440693184
ELP	DFW	4.417080532308959
ELP	STL	5.111450381679389
ELP	ABQ	5.13178689778231
ELP	ATL	5.516378600823045
ELP	LAS	5.803863547540617
ELP	MAF	5.847740370033364
ERI	CVG	1.144492696407422
ERI	CLE	2.03862660944206
ERI	ITH	2.5589005235602094
ERI	DTW	4.477730895452415
ERI	PIT	4.613548698167792
ERI	ATL	15.128798842257599
EUG	SJC	-0.15272727272727274
EUG	PDX	-0.03621298143317477
EUG	PHX	0.8447909284195606
EUG	SLC	2.1293715487772813
EUG	MFR	5.413333333333333
EUG	DEN	6.032212418844681
EUG	LAX	6.042613636363637
EUG	LAS	8.279635258358663
EUG	SFO	12.478930074364444
EVV	LEX	0.0
EVV	STL	0.0
EVV	BNA	0.35714285714285715
EVV	SDF	2.0347222222222223
EVV	IND	2.0912207198628834
EVV	MDW	2.3385518590998045
EVV	MEM	2.381858083394294
EVV	CVG	2.4186437826013796
EVV	DTW	3.9048016701461377
EVV	PIT	4.2152852529601725
EWN	ATL	12.294164668265388
EWR	SWF	-3.75
EWR	HPN	1.175977653631285
EWR	BTR	1.292
EWR	MYR	1.640227576974565
EWR	GUC	2.625
EWR	ROA	2.7394957983193278
EWR	AGS	3.3203050524308866
EWR	STT	4.633567891581965
EWR	SNA	5.667648605996844
EWR	HSV	6.100840336134453
EYW	FLL	-0.43956043956043955
EYW	MIA	4.171131710298462
EYW	MCO	8.348484848484848
EYW	MCN	15.0
EYW	ATL	19.600415368639666
EYW	SRQ	35.0
FAI	JNU	2.2986748216106014
FAI	ANC	5.358942253227201
FAI	MSP	5.394168466522678
FAI	SEA	5.427326214861625
FAI	SLC	6.775700934579439
FAI	SCC	7.509389671361502
FAI	BRW	8.321871127633209
FAI	OME	9.0
FAR	LAN	-6.0
FAR	SLC	-0.4406215316315205
FAR	SUX	0.047619047619047616
FAR	LAS	1.1510791366906474
FAR	FSD	2.1148163782186575
FAR	MSP	2.2912261131050538
FAR	DEN	3.7254088357334636
FAR	ORD	13.551746782243237
FAR	MCI	29.0
FAR	BIS	47.5
FAT	ONT	-2.447562776957164
FAT	LGB	0.7094339622641509
FAT	RAP	1.7045454545454546
FAT	SAN	2.0596153846153844
FAT	PHX	2.720703792278784
FAT	LAX	4.252326134937465
FAT	VIS	4.284533648170012
FAT	DFW	4.548953733922058
FAT	SLC	5.377559445178336
FAT	RNO	5.4378306878306875
FAY	CAE	0.0
FAY	GSO	1.3979871912168345
FAY	CLT	2.11931516209855
FAY	BWI	3.361491628614916
FAY	ORF	5.02076124567474
FAY	ATL	13.803342781741765
FAY	MCN	40.0
FCA	GTF	-2.876625252817105
FCA	DEN	-0.09188660801564028
FCA	BIL	0.4216666666666667
FCA	HLN	3.9858156028368796
FCA	SLC	7.6237170194259205
FCA	MSO	7.920776071139854
FCA	MSP	10.365766481334392
FCA	ATL	10.521739130434783
FCA	PHX	14.695402298850574
FCA	ORD	26.75968992248062
FLG	PHX	3.931578569891702
FLG	GCN	4.920840064620355
FLG	LAS	8.3125
FLL	PIE	-6.5
FLL	GSP	0.0
FLL	LGB	1.4652278177458034
FLL	MKE	1.6395348837209303
FLL	OAK	2.611664295874822
FLL	CLE	3.0737878369675222
FLL	BNA	3.2264918032786887
FLL	GPT	3.5972461273666094
FLL	IAH	3.6789624154522
FLL	RDU	3.7068496257654795
FLO	GSP	-6.0
FLO	ATL	10.005226845076312
FLO	AGS	20.0
FMN	ABQ	203.66666666666666
FNT	MKG	-7.79047619047619
FNT	MCO	-0.29583613163196776
FNT	MKE	-0.1626865671641791
FNT	CLE	0.5680628272251309
FNT	MSP	2.119113573407202
FNT	DTW	2.199098730028677
FNT	PIT	3.809442060085837
FNT	CVG	4.108585001696641
FNT	DAY	4.231819251588609
FNT	DFW	5.264957264957265
FSD	SDF	-25.0
FSD	GRB	-8.0
FSD	CLT	-5.0
FSD	PHX	-4.777777777777778
FSD	IAD	-3.0
FSD	BIS	-0.9484467944481163
FSD	SLC	-0.3429172510518934
FSD	CVG	-0.22000623247117482
FSD	SUX	1.1656626506024097
FSD	MLI	1.3926746166950597
FSM	MEM	1.7356687898089171
FSM	DFW	3.9448653768096333
FSM	ATL	12.167224080267559
FWA	CLE	-10.0
FWA	TVC	-3.0
FWA	MSP	-1.3
FWA	SBN	0.0
FWA	DAY	1.510757946210269
FWA	CVG	2.735719874804382
FWA	PIT	2.761197785606442
FWA	IND	3.0
FWA	CMH	3.3333333333333335
FWA	DTW	3.353917617323588
GCC	SLC	-3.6272189349112427
GCC	DEN	10.36749116607774
GCN	PHX	3.078582434514638
GCN	FLG	3.805945945945946
GCN	LAS	3.9410757108598835
GEG	PSC	1.0197501007658203
GEG	BIL	1.2687038988408852
GEG	SMF	2.510369702434626
GEG	RNO	2.816793893129771
GEG	LAX	2.9307309605817067
GEG	MSP	3.4869353284588787
GEG	SLC	3.8087520787817524
GEG	PHX	3.942818701648167
GEG	ONT	4.0114226375908615
GEG	OAK	4.238916256157635
GFK	MSP	2.1574881409532414
GGG	DFW	0.8527534861734815
GJT	DRO	3.203688181056161
GJT	LAS	4.051643192488263
GJT	SLC	5.102615492534322
GJT	DEN	5.951154212279866
GJT	PHX	7.594377510040161
GJT	DFW	8.913319238900634
GJT	LAX	19.333333333333332
GJT	ORD	45.0
GJT	HDN	70.0
GJT	ASE	89.0
GLH	MEM	-5.5
GNV	DAB	-13.0
GNV	EYW	-3.0
GNV	CHA	0.0
GNV	CLT	4.6342743394860655
GNV	MIA	4.951618284951619
GNV	ATL	9.115527059854248
GNV	TLH	10.875
GNV	MCN	22.0
GNV	RSW	52.0
GPT	PNS	0.0
GPT	BTR	0.0
GPT	LGA	0.0
GPT	JAN	0.5862068965517241
GPT	MEM	2.258829221093372
GPT	TPA	2.8869806094182824
GPT	MOB	3.604895104895105
GPT	IAH	4.646758703481392
GPT	SHV	5.0
GPT	FLL	8.177178899082568
GRB	IAD	-19.0
GRB	ATW	-7.992673992673993
GRB	AZO	-4.218559218559219
GRB	MSN	-1.3520286396181385
GRB	DTW	1.7662244014998558
GRB	MKE	1.9609571788413098
GRB	MSP	2.722562909706069
GRB	DSM	3.0
GRB	CVG	3.359567246499788
GRB	ATL	5.927461139896373
GRK	DFW	6.19874922685726
GRK	IAH	6.84556313993174
GRK	ATL	17.037037037037038
GRR	CHA	-10.0
GRR	MKG	-6.130434782608695
GRR	LAN	-3.7161290322580647
GRR	GRB	-1.1666666666666667
GRR	TOL	0.3333333333333333
GRR	LAS	0.35121951219512193
GRR	MKE	1.1745689655172413
GRR	DEN	1.95707656612529
GRR	DTW	2.597773291490935
GRR	STL	2.636861313868613
GSO	BNA	0.5734929810074318
GSO	RDU	0.7377722975750103
GSO	RIC	0.9463253509496284
GSO	PBI	1.9694656488549618
GSO	DTW	2.496689377219077
GSO	MYR	2.830769230769231
GSO	RSW	3.6493506493506493
GSO	CAE	3.8016230838593326
GSO	IAH	3.9566505115778137
GSO	PIT	4.5629865751241345
GSP	DAB	-20.0
GSP	JAX	-15.0
GSP	CAE	-1.1379310344827587
GSP	BNA	0.16994633273703041
GSP	RDU	0.9061905458802868
GSP	MDW	2.15365551425031
GSP	MEM	2.37465564738292
GSP	BWI	2.4258675078864353
GSP	GSO	2.789395070948469
GSP	DCA	2.8846153846153846
GST	JNU	7.572732458642327
GTF	FCA	-2.7886553412035706
GTF	MSO	-1.5992057864132747
GTF	DEN	0.6980790141355564
GTF	MSP	0.7558408598940061
GTF	BIL	1.0809137489325362
GTF	HLN	4.427698975571316
GTF	ORD	5.173913043478261
GTF	BZN	6.3931623931623935
GTF	SLC	8.0111557340473
GTR	DFW	3.598499061913696
GTR	AEX	9.448019801980198
GTR	ATL	12.470664928292047
GTR	MEI	35.0
GUC	IAH	-0.8732394366197183
GUC	BNA	0.0
GUC	DEN	5.962056303549572
GUC	EWR	7.25
GUC	ORD	9.625
GUC	DFW	10.332024432809773
GUC	ATL	10.964739069111424
GUC	SLC	16.214285714285715
GUC	HDN	982.0
GUM	ROP	-1.225479143179256
GUM	SPN	1.809082722243664
GUM	ROR	2.256940664126293
GUM	HNL	6.721689059500959
GUM	YAP	9.867283950617283
HDN	CVG	-3.6875
HDN	IAH	3.8444100978876867
HDN	DEN	4.617085936180989
HDN	SLC	6.288209606986899
HDN	PHX	6.357142857142857
HDN	SJC	7.425
HDN	JFK	7.642857142857143
HDN	MSP	9.018970189701896
HDN	LAX	9.740484429065743
HDN	STL	11.203152364273205
HHH	ATL	20.12447885646218
HKY	ATL	8.398387096774194
HLN	BIL	-1.9292929292929293
HLN	DEN	-0.6275862068965518
HLN	SLC	1.7998880065159846
HLN	GTF	2.2300469483568075
HLN	FCA	8.2352102637206
HLN	MSP	9.923728813559322
HLN	BTM	39.68131868131868
HLN	BZN	165.0
HLN	MSO	165.66666666666666
HNL	MKK	-3.0
HNL	LNY	-2.539285714285714
HNL	CVG	-0.986336464560205
HNL	ITO	-0.2700534759358289
HNL	LIH	-0.25571070665389434
HNL	EWR	-0.11532033426183844
HNL	KOA	0.3066381351302131
HNL	OGG	0.5828355942498481
HNL	SLC	1.50635593220339
HNL	IAH	2.9723884031293144
HOU	RSW	-1.1428571428571428
HOU	CLE	-1.0125448028673836
HOU	MIA	1.9068119891008175
HOU	LBB	1.9090909090909092
HOU	MEM	2.008336914482166
HOU	IAH	2.1916990560799556
HOU	PVD	2.9642857142857144
HOU	DCA	2.9902439024390244
HOU	DTW	3.0826743350107835
HOU	MSP	3.0859764386044404
HPN	EWR	-0.8756906077348067
HPN	CLE	-0.8244256915142991
HPN	PVD	3.5
HPN	DTW	4.263997760358342
HPN	PIT	5.276240065771444
HPN	RSW	5.545155993431855
HPN	IAD	5.675782104572304
HPN	RDU	5.933147632311978
HPN	HVN	7.173333333333333
HPN	MCO	7.204143000334113
HRL	MFE	-2.0
HRL	DAL	1.694736842105263
HRL	IAH	2.7656142544545173
HRL	DFW	4.425158988676904
HRL	AUS	4.9962296983758705
HRL	HOU	7.0636742312943985
HRL	SAT	7.795438547092778
HSV	JAN	-2.5
HSV	LIT	-0.6384462151394422
HSV	STL	0.0
HSV	BNA	0.5296984064269722
HSV	BHM	1.2007386228258279
HSV	LGA	1.3819444444444444
HSV	CLT	1.8728593203622343
HSV	AUS	2.6666666666666665
HSV	IAH	2.8514173998044967
HSV	MCI	3.0
HTS	JAN	-5.0
HTS	CVG	0.6683534449202024
HTS	ROA	0.8
HTS	CRW	4.126666666666667
HTS	CLT	4.147439670394349
HTS	PIT	5.575625544628408
HTS	ATL	5.904494382022472
HTS	SDF	6.125
HTS	AGS	12.0
HTS	MCN	102.0
HVN	HPN	4.5904572564612325
HVN	CVG	5.683718028696195
HVN	ORD	8.265062806046412
IAD	ATW	-150.0
IAD	TLH	0.0
IAD	PHF	0.6855400696864111
IAD	STL	2.782767469403869
IAD	SCE	3.6348814229249014
IAD	ABE	3.8018636586562042
IAD	BWI	4.2277526395173455
IAD	MLB	4.406040268456376
IAD	SLC	4.636474556807579
IAD	MSP	4.76767623746785
IAH	MSN	-2.0
IAH	MLI	-1.0
IAH	AGS	-0.6172972972972973
IAH	EFD	1.8877082136703045
IAH	HOU	2.172036985149902
IAH	JAC	2.4226190476190474
IAH	MTJ	2.90251572327044
IAH	RNO	3.2272831838049227
IAH	GUC	3.5373737373737373
IAH	BPT	3.5995325282430852
ICT	MDW	-4.603174603174603
ICT	SLC	-1.635204081632653
ICT	SEA	-0.7523809523809524
ICT	MCO	-0.20192307692307693
ICT	DAY	0.0
ICT	MEM	0.013065937405044059
ICT	IAH	2.3570050639016156
ICT	LAX	2.4885654885654884
ICT	OMA	2.5
ICT	DTW	3.1920903954802258
IDA	DFW	1.3678929765886287
IDA	DEN	1.5465924895688457
IDA	SLC	2.3721492517806966
IDA	MSP	12.342237061769616
IDA	ORD	30.71480144404332
IDA	JAC	99.2
IDA	BZN	138.0
ILE	DFW	0.19882130545980206
ILE	IAH	8.964831096714484
ILE	GRK	15.0
ILG	ATL	14.812413793103449
ILM	FLO	0.0
ILM	RDU	0.4978540772532189
ILM	CLT	2.67543507899591
ILM	BWI	3.7421944692239073
ILM	GSO	3.895908111988514
ILM	ORF	7.4
ILM	CVG	7.69452736318408
ILM	PHL	8.512544802867383
ILM	ATL	12.966081219217545
ILM	MCN	23.0
IND	ABI	-2.0
IND	JAN	-2.0
IND	LIT	0.0
IND	ABE	1.0
IND	OMA	1.1054852320675106
IND	MEM	1.1285616705698673
IND	CAK	1.9036697247706422
IND	BNA	1.9775833788955715
IND	CLE	2.260753394656154
IND	AUS	2.358490566037736
INL	MSP	6.168539325842697
IPL	SAN	-0.7385192127460168
IPL	YUM	1.6780684104627765
IPL	LAX	5.274698795180723
ISO	BWI	2.1602373887240356
ISO	CLT	3.567397078353254
ISO	ILM	10.0
ISO	ATL	13.142128279883382
ISP	EWR	-15.0
ISP	LGA	-4.0
ISP	BUF	-3.0
ISP	BDL	0.3876146788990826
ISP	CLE	0.9251101321585903
ISP	SWF	1.0
ISP	RDU	2.157686096021142
ISP	RSW	2.664888888888889
ISP	JAX	3.036392405063291
ISP	IAD	3.191780821917808
ITH	ELM	0.9207210699748013
ITH	MDT	1.0344827586206897
ITH	SYR	1.7641277641277642
ITH	PIT	2.0297280202403543
ITH	BGM	2.080808080808081
ITH	ERI	2.795601552393273
ITH	DTW	5.638888888888889
ITO	KOA	-3.908564814814815
ITO	OGG	-2.523854961832061
ITO	HNL	-1.7427977524440548
ITO	OAK	-0.725
IYK	LAX	-0.453848833159178
IYK	ONT	0.0
JAC	IAH	-2.9940119760479043
JAC	BIL	-0.06372549019607843
JAC	MSP	4.816037735849057
JAC	SLC	5.047803130303602
JAC	IDA	6.1756401052883465
JAC	DEN	8.11340206185567
JAC	DFW	10.759541984732824
JAC	ATL	11.17125382262997
JAC	LAX	13.672413793103448
JAC	CVG	18.433333333333334
JAN	GPT	-1.3205374280230326
JAN	IND	0.0
JAN	LFT	0.0
JAN	AUS	0.0
JAN	MSY	0.8212290502793296
JAN	BNA	0.8299405512520267
JAN	MEM	1.8713053590464193
JAN	HSV	2.0
JAN	CVG	3.0392680137247425
JAN	MOB	3.8007868383404864
JAX	SHV	-5.0
JAX	RSW	-4.0
JAX	BTR	0.0
JAX	MCO	1.4278033794162825
JAX	BHM	1.6647765176784524
JAX	LAS	2.0517241379310347
JAX	AUS	2.368815592203898
JAX	CHS	3.0166461159062887
JAX	RDU	3.0530636525877455
JAX	DAB	3.444260668210387
JFK	SWF	-10.5
JFK	ANC	0.0
JFK	ABQ	0.0
JFK	MYR	0.0
JFK	ISP	0.0
JFK	UCA	1.9079497907949792
JFK	BGR	3.210280373831776
JFK	BQN	3.6146839635661054
JFK	STT	4.33694150161216
JFK	CHS	4.339147286821706
JNU	KTN	7.343921139101862
JNU	FAI	10.052204764318297
JNU	SIT	10.365453903214412
JNU	GST	10.388188073394495
JNU	SEA	10.885129707508387
JNU	ANC	11.247421153941069
JNU	YAK	13.373530298462466
JNU	PSG	14.65801597051597
KOA	OGG	-1.1161933665727293
KOA	SLC	-1.1155555555555556
KOA	ITO	-0.980072463768116
KOA	HNL	-0.592871359611997
KOA	PHX	-0.36529126213592233
KOA	SEA	-0.27266881028938905
KOA	DEN	2.8523985239852396
KOA	ORD	3.7504302925989674
KOA	LIH	4.9818181818181815
KOA	LAX	6.184014343682175
KSM	ANC	6.2330827067669174
KTN	SIT	7.03910264444166
KTN	JNU	7.435233841303205
KTN	SEA	8.112999559065218
KTN	WRG	11.236968966556192
LAN	GRR	-1.8703703703703705
LAN	AZO	1.023046784973496
LAN	MSP	1.3236282194848825
LAN	DTW	2.5059092761528574
LAN	DAY	2.5736692015209126
LAN	PIT	3.422206506364922
LAN	CLE	4.372289156626506
LAN	CVG	4.683460076045628
LAN	IAD	4.763383297644539
LAN	ATL	10.950467289719626
LAS	MSN	-2.0308641975308643
LAS	FAR	-0.09352517985611511
LAS	PIE	0.490280777537797
LAS	YUM	1.146282973621103
LAS	LNK	2.246376811594203
LAS	GRR	2.3058252427184467
LAS	PMD	2.6182008368200838
LAS	DAY	2.702970297029703
LAS	MEM	2.9946559786239146
LAS	GCN	3.0540633608815426
LAW	DFW	1.9581682364404027
LAW	ATL	5.409610983981693
LAX	SDF	-16.0
LAX	LAX	-2.0
LAX	BZN	-0.7272727272727273
LAX	MAF	0.0
LAX	MFE	1.1775147928994083
LAX	IYK	1.2698247440569148
LAX	MEM	1.867979435444757
LAX	PIE	1.9262086513994912
LAX	SNA	2.094491839762611
LAX	SBA	2.274377130868083
LBB	OAK	-60.0
LBB	HOU	1.5454545454545454
LBB	MAF	3.802779022859704
LBB	PHX	4.304143126177024
LBB	IAH	4.410269343286593
LBB	ELP	4.515716951342041
LBB	AUS	4.640717685829366
LBB	AMA	4.891061452513966
LBB	LAS	4.955021153417947
LBB	DFW	5.590995859880507
LCH	IAH	3.2224396607958252
LEX	OKC	-10.0
LEX	SHV	0.0
LEX	MCN	0.0
LEX	TPA	0.058823529411764705
LEX	MEM	0.441025641025641
LEX	HTS	0.625
LEX	TRI	1.5684931506849316
LEX	STL	1.6534788540245566
LEX	LGA	1.7932080048514252
LEX	DCA	2.077120822622108
LFT	IAD	-12.0
LFT	TXK	-4.0
LFT	ORF	-4.0
LFT	PHL	-0.6666666666666666
LFT	DCA	-0.125
LFT	MCN	0.0
LFT	GTR	0.0
LFT	BTR	2.60019550342131
LFT	IAH	3.9922079072032584
LFT	DFW	6.819750862974636
LGA	ACK	-2.473684210526316
LGA	SFO	-1.6363636363636365
LGA	ISP	-0.25
LGA	CID	0.6565656565656566
LGA	DCA	1.66740383706644
LGA	BOS	2.211274128523165
LGA	SJU	2.2337662337662336
LGA	PHL	2.413177883766119
LGA	STT	2.648936170212766
LGA	LWB	2.702247191011236
LGB	FAT	-2.6306818181818183
LGB	PSP	-1.0
LGB	SAN	0.7022058823529411
LGB	ONT	0.8797814207650273
LGB	BUR	1.9574660633484162
LGB	MRY	2.209737827715356
LGB	SJC	2.3871188763275093
LGB	ATL	2.8520971302428255
LGB	SMF	2.890916632102862
LGB	OAK	2.9146285887893058
LIH	HNL	-1.7699603160155823
LIH	OGG	-1.0334890965732086
LIH	SEA	0.11475409836065574
LIH	SNA	1.391304347826087
LIH	PHX	3.0485312899106
LIH	KOA	3.150943396226415
LIH	SFO	3.8727149627623563
LIH	LAX	5.201494641849972
LIH	DEN	6.405405405405405
LIH	SAN	7.838709677419355
LIT	SHV	-3.7142857142857144
LIT	JAN	-1.0
LIT	SDF	-1.0
LIT	DAY	-1.0
LIT	IAD	0.0
LIT	AUS	0.0
LIT	BNA	0.7979309418245332
LIT	OKC	0.8389830508474576
LIT	CLT	2.008054963278844
LIT	SGF	2.278969957081545
LMT	PDX	7.3076923076923075
LMT	SFO	11.224669603524228
LNK	DSM	0.0
LNK	CID	0.0
LNK	LAS	1.9036697247706422
LNK	ICT	3.451371571072319
LNK	FSD	4.092059838895282
LNK	STL	4.3067382889643735
LNK	DEN	5.019248284656021
LNK	DTW	5.1262458471760795
LNK	SUX	5.449785561115082
LNK	MSP	5.9050772626931565
LNY	OGG	-9.666666666666666
LNY	MKK	-4.579545454545454
LRD	IAH	0.8563198915621824
LRD	DFW	7.507783615489394
LSE	STL	-4.0
LSE	EAU	-2.5353535353535355
LSE	MSP	1.2263048485869992
LSE	ORD	8.050600961538462
LWB	RDU	-0.6309523809523809
LWB	CLT	1.0384615384615385
LWB	LGA	2.7937853107344632
LWB	PIT	3.0
LWB	ATL	10.435336976320583
LWS	SLC	0.9147879251050821
LYH	ROA	0.25
LYH	CLT	3.226510067114094
LYH	ATL	6.861136826513609
LYH	CHO	8.638381201044387
LYH	BWI	13.448275862068966
MAF	LAX	0.0
MAF	ELP	3.000914494741655
MAF	AMA	3.036121673003802
MAF	IAH	4.015933755724233
MAF	PHX	4.048365427675773
MAF	AUS	4.418533760097546
MAF	LBB	5.1295876755777075
MAF	DFW	5.575827287205804
MAF	HOU	5.788039867109634
MAF	DAL	5.903917283120377
MAZ	SJU	4.307142857142857
MBS	GRR	0.11764705882352941
MBS	DTW	0.9005332239540607
MBS	MSP	1.0343295638126009
MBS	CLE	2.5258426966292133
MBS	PIT	2.7761194029850746
MBS	ORD	9.51507669891124
MCI	DSM	-0.8466135458167331
MCI	MEM	1.364246068455134
MCI	MSY	2.3683060109289618
MCI	MSP	2.582194904762939
MCI	DTW	2.710796915167095
MCI	SJC	3.2088305489260143
MCI	IAH	3.2384448574969023
MCI	CLT	3.6590683845391476
MCI	CLE	3.7753168965036914
MCI	MKE	3.875104777870914
MCN	ABY	-6.0
MCN	EYW	-2.0
MCN	CHS	0.0
MCN	DFW	0.0
MCN	FWA	0.0
MCN	BQK	1.0
MCN	VLD	1.0
MCN	ATL	12.669631141565826
MCN	VPS	60.0
MCO	MFE	-11.0
MCO	PFN	-0.11621621621621622
MCO	AVL	0.7391304347826086
MCO	MEM	2.7526539278131636
MCO	HSV	3.2316426949280848
MCO	PHF	3.264957264957265
MCO	TLH	3.323483467846915
MCO	CLE	3.34510321563451
MCO	PNS	3.360026472534745
MCO	BMI	3.53281096963761
MDT	CLE	-4.08634742740703
MDT	DTW	1.0913009404388714
MDT	PHL	1.6467780429594272
MDT	CLT	1.7075222139320356
MDT	ITH	1.8214285714285714
MDT	BDL	2.0
MDT	MCO	2.1628664495114007
MDT	PIT	3.0470588235294116
MDT	BWI	3.3625
MDT	STL	4.715135135135135
MDW	EVV	2.268101761252446
MDW	MIA	2.859375
MDW	ICT	3.2096774193548385
MDW	GSP	3.2734082397003745
MDW	GSO	4.190177041690463
MDW	CVG	4.267527675276753
MDW	PIE	4.340997830802603
MDW	IAH	4.560578661844485
MDW	DSM	4.655642023346304
MDW	DAY	4.743061772605192
MEI	MGM	-10.0
MEI	CSG	-9.0
MEI	PNS	3.0
MEI	AEX	3.75
MEI	LFT	11.32267441860465
MEI	ATL	12.152662078956899
MEI	CHA	20.0
MEM	GLH	-3.0
MEM	FSM	2.536392405063291
MEM	PIT	3.2188210334899225
MEM	TYS	3.3135726544622424
MEM	ICT	3.387101727447217
MEM	BNA	3.407933548058993
MEM	GSP	3.5106540670743005
MEM	SAV	3.5118219749652293
MEM	BTR	3.56368351224219
MEM	MOB	3.8546047860768673
MFE	MCO	-10.0
MFE	LAX	-1.668639053254438
MFE	AUS	-0.6469072164948454
MFE	PHX	0.0
MFE	DFW	4.194036342547845
MFE	IAH	4.654804442298406
MFE	HRL	13.0
MFE	ATL	16.78396072013093
MFR	SMF	0.0
MFR	EUG	3.229415105053947
MFR	SLC	3.3487909903941704
MFR	RDM	3.40234375
MFR	PDX	3.5590690019983544
MFR	LAS	3.966275659824047
MFR	PHX	4.106280193236715
MFR	DEN	6.577678571428572
MFR	LAX	8.614699331848552
MFR	SFO	12.634150827713059
MGM	GPT	-15.0
MGM	BHM	-15.0
MGM	JAN	-5.0
MGM	PFN	-1.611842105263158
MGM	CLT	1.450060168471721
MGM	MEM	4.525259284041486
MGM	SHV	5.0
MGM	IAH	5.104568527918782
MGM	MLU	6.222175290390708
MGM	DFW	7.0565947242206235
MHT	PWM	-2.4295774647887325
MHT	MDT	0.0
MHT	CLE	0.5643702157272095
MHT	CLT	1.6074407741074408
MHT	FLL	1.8044444444444445
MHT	DTW	2.999608487980581
MHT	ALB	3.0416666666666665
MHT	MSP	3.32316630355846
MHT	DCA	3.4906815399265407
MHT	LAS	4.23961661341853
MIA	SAN	1.710382513661202
MIA	BUF	2.0
MIA	SLC	2.4107883817427385
MIA	HOU	2.8884911894273126
MIA	ISP	3.6491228070175437
MIA	MEM	3.6863274141933866
MIA	GNV	3.9606854838709675
MIA	PSE	3.975845410628019
MIA	TLH	4.234641638225256
MIA	MCI	4.612244897959184
MIB	MSP	-7.136363636363637
MKC	MKE	8.0
MKE	TUS	-36.5
MKE	MDW	-12.0
MKE	RSW	-0.125
MKE	MKC	1.0
MKE	DAY	1.0420841683366733
MKE	MEM	1.1279513968794588
MKE	SDF	1.9921259842519685
MKE	RST	2.0
MKE	BNA	2.075899178702917
MKE	IND	2.3705539358600585
MKG	MKE	-4.476744186046512
MKG	FNT	12.37962962962963
MKG	GRR	38.375
MKK	LNY	-7.0
MKK	OGG	-2.9358490566037734
MLB	PBI	-2.2545454545454544
MLB	TXK	0.0
MLB	BWI	0.1267605633802817
MLB	TPA	0.6866096866096866
MLB	RSW	0.767580452920143
MLB	RDU	1.0559403303143313
MLB	MCO	1.0977443609022557
MLB	JAX	1.5955334987593053
MLB	DFW	1.7826086956521738
MLB	PHL	2.25
MLI	MKE	-13.0
MLI	IAD	-3.0
MLI	RDU	-1.0
MLI	FSD	1.0681818181818181
MLI	LAS	2.281437125748503
MLI	LNK	2.2916666666666665
MLI	OMA	2.514743049705139
MLI	CID	3.4260325406758447
MLI	STL	3.5640451579097796
MLI	CVG	3.6547619047619047
MLU	SDF	-24.0
MLU	AUS	-2.5
MLU	BHM	-0.3663477771525042
MLU	PNS	1.9536338149665733
MLU	IAH	3.436562989483106
MLU	SHV	4.090134925901349
MLU	DFW	7.73035490605428
MLU	ATL	9.92264933844829
MLU	JAN	21.65519342065184
MLU	CSG	52.0
MOB	MGM	-7.0
MOB	GPT	-2.697674418604651
MOB	JAN	0.553565030455034
MOB	BNA	1.4327181208053692
MOB	MEM	2.107055564608115
MOB	CLT	3.021408182683159
MOB	IAH	3.3864062345861696
MOB	PNS	4.48933577087142
MOB	BHM	5.240932642487047
MOB	BTR	5.830337389380531
MOD	LAX	5.976961843052556
MOD	SFO	11.534703141799069
MOT	DEN	-1.0
MOT	BIS	0.5866666666666667
MOT	MSP	1.5628113440197287
MQT	TVC	5.285563751317176
MQT	GRB	6.7034965034965035
MQT	MSN	8.245283018867925
MQT	ORD	9.761040532365396
MQT	MKE	14.030927835051546
MRY	SBP	0.0
MRY	LAS	1.069277108433735
MRY	SLC	1.7632729544034977
MRY	DEN	2.528006589785832
MRY	PHX	2.7780384795870483
MRY	LAX	3.140378548895899
MRY	ONT	3.8580152671755723
MRY	LGB	4.789868667917449
MRY	SAN	8.718715393133998
MRY	SFO	10.295860165593377
MSN	GRB	-1.7476303317535544
MSN	MCI	-0.23529411764705882
MSN	LAS	-0.04216867469879518
MSN	MKE	1.1415469275450933
MSN	CLE	1.7545176536002225
MSN	DTW	1.8485718745122521
MSN	PIT	1.9500509683995924
MSN	LSE	2.65
MSN	CVG	2.79782335705316
MSN	MSP	3.1435796927356643
MSO	SFO	-3.5833333333333335
MSO	GTF	2.4818487539881002
MSO	DEN	3.0337817181290125
MSO	SLC	3.6700969042106166
MSO	MSP	4.202576291979757
MSO	BZN	5.04310103554436
MSO	BIL	7.146443514644352
MSO	FCA	9.896755162241888
MSO	ORD	23.684444444444445
MSP	PIA	-4.0
MSP	MIB	0.3068181818181818
MSP	MHT	2.0607375271149673
MSP	JAX	2.2138334145153435
MSP	EAU	3.1970979443772674
MSP	PIR	3.5
MSP	FWA	3.6153846153846154
MSP	IAH	3.6886903362332473
MSP	DAY	3.812785789658811
MSP	RST	3.96049863035452
MSY	MEM	1.367539484621779
MSY	DTW	1.6568790274363914
MSY	PNS	1.7464494569757727
MSY	CVG	2.132136179833906
MSY	CLE	2.666768712689423
MSY	MCI	3.447712418300654
MSY	DCA	3.623648289310406
MSY	SFO	3.8319137841126367
MSY	BOS	4.045669291338583
MSY	MSP	4.1921135646687695
MTH	ATL	15.968253968253968
MTJ	IAH	0.8716429699842022
MTJ	DEN	4.238418777022853
MTJ	LAX	5.532338308457711
MTJ	SLC	8.878787878787879
MTJ	DFW	10.53175355450237
MTJ	CLE	13.055555555555555
MTJ	ORD	13.913385826771654
MTJ	EWR	20.666666666666668
MTJ	ATL	21.75
MTJ	GJT	165.5
MYR	FLO	-7.5
MYR	CAE	-4.333333333333333
MYR	CLE	-3.376068376068376
MYR	SAV	0.0
MYR	ILM	0.0
MYR	RDU	0.23574969021065675
MYR	DAY	0.56
MYR	CLT	2.2355395276481405
MYR	DTW	2.2751499000666224
MYR	DCA	3.375
OAJ	CLT	3.1431902345357288
OAJ	BWI	3.8541666666666665
OAJ	ATL	12.78390243902439
OAK	ABI	-180.0
OAK	PIT	-1.0
OAK	CPR	-1.0
OAK	OKC	0.0
OAK	LBB	0.3333333333333333
OAK	FLL	1.1485714285714286
OAK	AUS	2.0229885057471266
OAK	MSP	2.221052631578947
OAK	PSP	2.2543720190779015
OAK	LGB	2.8126329994290757
OGD	SLC	172.4
OGG	ANC	-10.0
OGG	LIH	-1.45527950310559
OGG	ITO	-0.9385633270321361
OGG	SLC	-0.822265625
OGG	IAH	-0.4029451137884873
OGG	HNL	0.1620860102745965
OGG	KOA	1.320491680407735
OGG	ATL	1.5647058823529412
OGG	DEN	1.6639676113360324
OGG	LAS	3.1739130434782608
OKC	TXK	-5.5
OKC	CLE	-1.4822695035460993
OKC	BOS	-1.0
OKC	ABQ	-0.02909647779479326
OKC	MEM	0.9073552601937374
OKC	ICT	2.3285123966942147
OKC	MCO	3.474320241691843
OKC	IAH	3.935580846038222
OKC	CVG	4.29606068020553
OKC	LAX	4.300201477501679
OMA	ORF	-5.0
OMA	BWI	-3.0
OMA	TUS	-0.31851851851851853
OMA	CHA	0.0
OMA	MEM	1.0378268324046291
OMA	CLE	1.655581947743468
OMA	ONT	2.1465721040189125
OMA	MCI	2.2098966829798803
OMA	MCO	2.4347826086956523
OMA	IND	2.5416666666666665
OME	OTZ	7.80320820241442
OME	ANC	10.810632756243297
OME	FAI	20.0
ONT	FLL	-36.0
ONT	GTF	-14.0
ONT	IAD	-9.846153846153847
ONT	BOS	-6.777777777777778
ONT	RNO	-0.8532934131736527
ONT	PVU	0.0
ONT	LBB	0.0
ONT	IAH	1.9097428467946396
ONT	BUR	2.074793875147232
ONT	MRY	2.7752293577981653
ORD	EUG	-13.0
ORD	MLB	0.0
ORD	GTF	0.8260869565217391
ORD	SBA	3.8403361344537816
ORD	TWF	5.733333333333333
ORD	DAL	6.221516474791584
ORD	STT	6.540909090909091
ORD	MSO	7.333333333333333
ORD	HVN	7.594489465153971
ORD	HOU	7.737113402061856
ORF	SAV	-5.0
ORF	PHF	0.0
ORF	ALB	0.0
ORF	FAY	0.325
ORF	BNA	0.8489425981873112
ORF	CLE	0.8831314072693383
ORF	DCA	2.658119658119658
ORF	MEM	3.2824675324675323
ORF	RDU	3.4401313573593804
ORF	STL	3.5825214692934977
ORH	PHL	2.320825515947467
ORH	BWI	3.4066358024691357
ORH	DTW	4.115081450341566
ORH	PIT	4.5300105300105304
ORH	ORD	5.931535269709544
ORH	EWR	8.323595505617977
ORH	JFK	10.07569721115538
OTH	PDX	13.538461538461538
OTH	SFO	14.139130434782608
OTZ	ANC	7.690869713894905
OTZ	OME	11.186578017868273
OXR	LAX	1.1052051168945742
PBI	DEN	-2.645390070921986
PBI	JAX	-0.06818181818181818
PBI	AUS	0.0
PBI	TLH	0.44565217391304346
PBI	SRQ	1.3517412935323383
PBI	IAH	2.0130506836072364
PBI	GSO	2.8153846153846156
PBI	CLE	2.8456655425510813
PBI	MSP	2.9615384615384617
PBI	RDU	3.133378561736771
PDX	MSO	-11.0
PDX	TPA	-1.0
PDX	MEM	-0.5531914893617021
PDX	RDM	0.9793876325795478
PDX	MFR	1.5954801038062283
PDX	CLE	2.0
PDX	LGB	2.006993006993007
PDX	BOS	2.755371900826446
PDX	EUG	2.9581078865387767
PDX	MCI	3.512635379061372
PFN	MGM	0.1437908496732026
PFN	MCO	1.6630434782608696
PFN	DFW	2.130864197530864
PFN	MEM	4.030206677265501
PFN	CVG	4.4
PFN	TLH	7.5
PFN	ATL	12.303017031630171
PFN	VPS	15.0
PFN	CSG	15.0
PFN	AUS	18.0
PHF	TPA	-1.9823788546255507
PHF	JFK	0.0
PHF	CHO	0.0
PHF	IAD	0.7182368193604148
PHF	MCO	1.691686460807601
PHF	CLT	1.9219178082191781
PHF	FLL	2.6564327485380117
PHF	PIT	4.238119312436805
PHF	BOS	6.797968069666183
PHF	CVG	7.256962025316455
PHL	MCN	0.0
PHL	MEM	3.5450447880413076
PHL	CAK	4.466887417218543
PHL	SLC	5.680749402741104
PHL	ORH	5.72131931166348
PHL	CLE	5.958553489329582
PHL	SAT	6.222707423580786
PHL	TYS	6.333333333333333
PHL	MLB	6.481481481481482
PHL	CVG	6.529499229993096
PHX	DAY	2.7988505747126435
PHX	FSD	2.8202247191011236
PHX	CVG	2.9783398821218077
PHX	GCN	3.4208809135399676
PHX	SUX	3.885586924219911
PHX	FLG	3.957506471095772
PHX	TEX	4.084684684684684
PHX	PIT	4.995818523938951
PHX	PUB	5.006235385814497
PHX	CLE	5.123782446164376
PIA	HPN	-10.0
PIA	DEN	-1.2594235033259424
PIA	CID	2.1036789297658864
PIA	DTW	3.5417895771878074
PIA	CMI	3.634393063583815
PIA	STL	3.6992108229988725
PIA	MLI	3.8717065261451156
PIA	DFW	5.285252525252525
PIA	ORD	9.221565357991006
PIA	CHA	10.0
PIE	TPA	-18.0
PIE	MCO	-5.5
PIE	SFO	-0.7953216374269005
PIE	RDU	-0.2551928783382789
PIE	IND	-0.13704994192799072
PIE	RSW	0.0
PIE	LAX	0.7099236641221374
PIE	MDW	1.439321444106133
PIE	LAS	2.720779220779221
PIE	SJU	16.764705882352942
PIH	SLC	0.5140097542316152
PIH	TWF	115.0
PIH	IDA	130.0
PIR	JAX	32.0
PIR	MSP	59.0
PIT	LWB	0.3333333333333333
PIT	MSN	3.8659274193548385
PIT	DSM	4.45594262295082
PIT	DTW	4.724670499778859
PIT	TTN	4.950444726810673
PIT	AZO	5.008695652173913
PIT	CVG	5.0906935542702305
PIT	ACY	5.106775300171527
PIT	CMI	5.353146853146853
PIT	ORH	5.366678661388989
PLN	DCA	-5.0
PLN	DTW	5.898921832884097
PMD	LAX	0.0
PMD	LAS	2.157840083073728
PMD	PHX	6.837748344370861
PMD	SFO	11.122047244094489
PNS	SHV	-10.0
PNS	AUS	-5.0
PNS	JAN	-3.3776824034334765
PNS	SAT	-3.0
PNS	FLL	-0.6153846153846154
PNS	GPT	0.0
PNS	MSY	0.5556485355648536
PNS	RDU	0.5650224215246636
PNS	BNA	1.0790655884995508
PNS	JAX	3.0334955625536786
PSC	YKM	-1.7598039215686274
PSC	BOI	1.0912459471977767
PSC	DEN	2.1853085210577863
PSC	SLC	2.6631719933493443
PSC	SFO	3.657004830917874
PSC	SEA	4.180270405608413
PSC	GEG	4.427270604716321
PSC	PDX	8.862823061630218
PSC	MFR	158.0
PSE	MIA	-1.9514563106796117
PSE	JFK	1.218724778046812
PSE	EWR	2.924731182795699
PSE	MCO	5.222
PSE	FLL	6.373737373737374
PSG	SIT	9.106523534269199
PSG	WRG	11.169280442804428
PSG	JNU	13.9309265944645
PSP	LGB	-2.2
PSP	IAH	-0.5223618824904999
PSP	TUS	-0.32450331125827814
PSP	ONT	0.8323102678571429
PSP	SNA	2.282776349614396
PSP	OAK	2.8288
PSP	ATL	3.253807106598985
PSP	PHX	3.2761942994781212
PSP	MSP	3.742220353238015
PSP	DFW	4.076801971387501
PUB	DEN	-1.4210526315789473
PUB	COS	0.8625649220934878
PUB	LAS	2.2363636363636363
PUB	PHX	2.6391912908242614
PVD	SYR	-1.0
PVD	ALB	1.0334928229665072
PVD	IAH	1.7536231884057971
PVD	DTW	2.112614661511637
PVD	MSP	2.244969040247678
PVD	RDU	2.2954201622885435
PVD	MCI	2.825548902195609
PVD	CLE	2.9410129441403874
PVD	DCA	3.041203066640456
PVD	CLT	3.55582726326743
PVU	SLC	0.0
PWM	CLE	0.2836752899197145
PWM	ALB	1.4664423587745705
PWM	BDL	1.998109640831758
PWM	BTV	2.9215686274509802
PWM	MCO	3.227743271221532
PWM	CVG	3.3616124672020353
PWM	BGR	3.814675767918089
PWM	BWI	4.638075313807532
PWM	MHT	4.788263762855414
PWM	BOS	5.020306538187932
RAP	CPR	-0.2345066931085771
RAP	SUX	-0.12173913043478261
RAP	SLC	1.017046067536951
RAP	MSP	2.0663196949397094
RAP	FSD	2.6092825724252995
RAP	DEN	3.983732876712329
RAP	ORD	21.140495867768596
RAP	BIS	208.33333333333334
RDD	SFO	10.393710580083503
RDD	ACV	51.142857142857146
RDD	SMF	98.5
RDD	CEC	112.0
RDD	CIC	115.0
RDD	MFR	179.0
RDM	SLC	1.143101092896175
RDM	PDX	1.5966176323426398
RDM	MFR	3.9363295880149813
RDM	DEN	7.016949152542373
RDM	LAX	12.741379310344827
RDM	SFO	14.704416566420347
RDM	SEA	16.323529411764707
RDR	MSP	-1.326086956521739
RDU	FAY	-10.0
RDU	BHM	-0.5562700964630225
RDU	SLC	-0.060759493670886074
RDU	CLE	2.0082577720207255
RDU	MSY	2.0223880597014925
RDU	PNS	2.21875
RDU	SAT	2.416568047337278
RDU	RIC	2.8989326944020912
RDU	ABE	3.2888888888888888
RDU	IAH	3.5734217171717173
RFD	DEN	1.7009102730819246
RHI	MSP	6.258241758241758
RIC	BUF	-11.0
RIC	MCO	-1.108910891089109
RIC	BNA	1.0588996763754046
RIC	IAH	1.9222145567437048
RIC	ROA	2.584204413472706
RIC	STL	3.5299929428369796
RIC	BWI	3.561427128912824
RIC	CHO	3.5874769797421733
RIC	CVG	3.8307784431137724
RIC	DTW	3.8871964820597795
RKS	SLC	-2.7590361445783134
RKS	DEN	2.569007263922518
RNO	SBA	-16.0
RNO	TUS	-0.39416058394160586
RNO	LGB	0.7562724014336918
RNO	SMF	1.6026548672566372
RNO	IAH	3.2414594468975135
RNO	GEG	4.520754716981132
RNO	SNA	4.584275436793423
RNO	MSP	4.629809179989685
RNO	DEN	4.694190747117832
RNO	PHX	5.075211864406779
ROA	BNA	0.0
ROA	ROC	0.0
ROA	RIC	1.643348623853211
ROA	CHO	1.894206549118388
ROA	CVG	2.802842318971351
ROA	BWI	4.059772863120143
ROA	PIT	4.077248813037341
ROA	CLT	4.3283976510067115
ROA	CRW	4.448979591836735
ROA	DTW	4.829931972789115
ROC	TPA	-1.379071379071379
ROC	RDU	1.6483516483516483
ROC	DTW	2.7656448538754765
ROC	LAS	2.8531468531468533
ROC	ALB	2.9594755661501786
ROC	BDL	3.507002801120448
ROC	BWI	3.576299406399305
ROC	CLT	3.9370095440084834
ROC	DCA	4.315241423578917
ROC	MCO	4.546660769570987
ROP	GUM	-2.062944718117132
ROR	GUM	2.719186046511628
ROR	YAP	21.38235294117647
ROW	DFW	8.591493570722058
RST	LSE	-5.973628691983122
RST	MDW	-4.0
RST	MSP	0.4508801091079572
RST	FAR	3.0
RST	ALO	3.056603773584906
RST	DFW	4.996153846153846
RST	ORD	6.185365682630952
RST	DTW	7.744136460554371
RSW	RIC	-7.416666666666667
RSW	CAE	-1.0
RSW	EYW	0.0
RSW	HOU	0.42857142857142855
RSW	MKE	1.3591331269349844
RSW	TPA	1.4208874005860193
RSW	IAH	1.536961345322901
RSW	PBI	2.039506172839506
RSW	RDU	2.370113493064313
RSW	DAY	2.488095238095238
SAN	KOA	-2.3043478260869565
SAN	BUR	-0.21666666666666667
SAN	LIH	-0.06666666666666667
SAN	MIA	0.5555555555555556
SAN	IPL	1.078196872125115
SAN	CLE	2.392405063291139
SAN	MSY	2.974246231155779
SAN	MEM	3.047819971870605
SAN	CLT	3.153611111111111
SAN	LAX	3.284319082960553
SAT	BDL	-1.0
SAT	MSP	0.49175442082257104
SAT	CLE	0.5484764542936288
SAT	MEM	0.6458077080770808
SAT	SFO	1.7414596273291925
SAT	MSY	1.7620635979541917
SAT	PIT	2.3708852995297485
SAT	STL	2.5537825305986046
SAT	BNA	2.596713329275715
SAT	ABQ	2.848314606741573
SAV	HHH	-11.0
SAV	AGS	-5.0
SAV	CLE	-1.2421383647798743
SAV	MYR	-1.0
SAV	CAE	-0.08635097493036212
SAV	SHV	0.0
SAV	MLU	0.0
SAV	SAT	0.0
SAV	GSP	1.0847750865051904
SAV	RDU	1.2750292169848072
SBA	PSP	0.0
SBA	LGB	0.10941960038058991
SBA	ONT	0.8804185351270553
SBA	SJC	1.3707833844438249
SBA	BUR	1.6288659793814433
SBA	LAX	1.995375329867008
SBA	SLC	2.754496208017335
SBA	PHX	4.26623646960866
SBA	DEN	4.8296163296163295
SBA	BFL	4.9832
SBN	CLE	-1.6352941176470588
SBN	PHX	0.0
SBN	AZO	0.625
SBN	PIT	2.899059024807528
SBN	CVG	3.688986437790736
SBN	DTW	4.00735164382756
SBN	DAY	5.079150962110693
SBN	EWR	9.5
SBN	MSP	15.283783783783784
SBN	ORD	16.069901315789473
SBP	SLC	2.194610778443114
SBP	LAX	3.086434124641417
SBP	PHX	3.277759141227776
SBP	SJC	5.374233128834356
SBP	SFO	11.882092555331992
SBP	LAS	15.416370106761565
SBP	MFR	48.0
SCC	FAI	4.666283084004603
SCC	ANC	7.191987513007284
SCC	BRW	10.339822024471635
SCE	IAD	0.2900347050074368
SCE	CVG	0.5784222014343623
SCE	DTW	9.10919540229885
SCE	ATL	15.53968253968254
SCK	LAX	2.7462022971470916
SCK	FAT	3.0454545454545454
SCK	DEN	11.834782608695653
SDF	SHV	0.0
SDF	PIA	0.0
SDF	JAN	0.0
SDF	BNA	0.8522929257020974
SDF	MCI	1.7761557177615572
SDF	MEM	1.9109259852611342
SDF	PHL	2.4913101604278074
SDF	IND	2.9193791765466695
SDF	CLE	3.4969398907103826
SDF	MSP	3.6178233301485276
SEA	EUG	0.0
SEA	PSC	2.5949429846306398
SEA	CVG	3.7894085461177696
SEA	MEM	4.210309459104059
SEA	CLE	5.154081632653061
SEA	SNA	5.195116978439268
SEA	BLI	5.199197373221452
SEA	YKM	5.379647749510763
SEA	LIH	5.481081081081081
SEA	DTW	5.650894947511517
SFO	SDF	-10.0
SFO	MSO	-4.0
SFO	LGA	-1.7575757575757576
SFO	PIE	-1.3410404624277457
SFO	OAK	-0.8137071651090343
SFO	FAR	0.0
SFO	BNA	2.3792093704245976
SFO	MEM	3.2624155910761603
SFO	SJC	3.985613917698227
SFO	MKE	3.9880277252678007
SGF	SLC	-5.333333333333333
SGF	MCI	0.0
SGF	CVG	2.162263067202757
SGF	ICT	3.251012145748988
SGF	STL	3.677730625442053
SGF	DEN	5.723337651122625
SGF	DTW	6.507836990595611
SGF	MEM	6.8154213578983285
SGF	DFW	8.308702319340616
SGF	LIT	8.580828594638506
SGU	SBA	0.0
SGU	CDC	0.5826771653543307
SGU	SLC	2.6336099879406967
SGU	LAX	3.7514367816091956
SHV	CLT	-12.0
SHV	LIT	-1.3
SHV	AUS	0.0
SHV	JAN	1.674053079103324
SHV	TUL	2.0
SHV	BTR	3.0225733634311513
SHV	MEM	3.502166949312229
SHV	IAH	3.7
SHV	CVG	4.602472658107465
SHV	DFW	4.803644095758331
SIT	JNU	6.964825751184373
SIT	SEA	8.757555406312962
SIT	KTN	10.324779777862888
SJC	SBA	1.1894310079686845
SJC	BWI	1.615702479338843
SJC	IAH	2.0669472681067345
SJC	CVG	2.200392927308448
SJC	DTW	2.685002594706798
SJC	MSP	2.8144607513127777
SJC	TVL	3.0042087542087543
SJC	SLC	3.0484658528538437
SJC	IAD	3.6772009029345374
SJC	LGB	3.6805405405405405
SJT	DFW	1.69709575533472
SJT	IAH	4.909845788849347
SJU	PIE	-4.0588235294117645
SJU	RDU	1.6672195728799502
SJU	BNA	1.8728501228501229
SJU	MDW	2.802507836990596
SJU	PIT	3.3773584905660377
SJU	CLE	3.5088105726872247
SJU	SYR	3.711864406779661
SJU	IAH	4.681581685744017
SJU	DFW	5.035606712564544
SJU	FLL	5.355382159957439
SLC	GCC	-1.511764705882353
SLC	RKS	-0.4251497005988024
SLC	ACV	0.47232472324723246
SLC	SGF	0.7751677852348994
SLC	SLE	0.850967007963595
SLC	GUC	0.9166666666666666
SLC	ICT	1.2128205128205127
SLC	YKM	1.2956989247311828
SLC	SBP	1.5307346326836582
SLC	DCA	1.565891472868217
SLE	SLC	2.364880273660205
SMF	LGB	-0.675270607826811
SMF	PSP	-0.5233644859813084
SMF	OGG	-0.11849710982658959
SMF	GEG	0.3570784490532011
SMF	SJC	1.378698224852071
SMF	BFL	1.932748538011696
SMF	COS	3.2423245614035086
SMF	RNO	3.459526774595268
SMF	SLC	3.6484307157920854
SMF	MCI	3.8097375690607733
SMX	LAX	2.254452239611441
SMX	SFO	68.0
SNA	CLE	-4.0
SNA	PVU	-3.0
SNA	SAN	0.8894842598794374
SNA	LGB	1.0
SNA	PHL	1.627906976744186
SNA	IAH	2.075041822671871
SNA	TUS	2.190376569037657
SNA	IAD	2.275092936802974
SNA	ONT	2.3551912568306013
SNA	DTW	2.5276011560693643
SOP	ATL	25.241042345276874
SPI	ORD	15.699136372765615
SPI	IAD	25.795148247978435
SPN	GUM	2.4366386902911614
SPS	DFW	2.6069259594262824
SRQ	EYW	0.0
SRQ	TPA	0.6741226378711916
SRQ	IAH	1.4606205250596658
SRQ	MEM	1.6875
SRQ	FLL	2.0
SRQ	BNA	2.068862275449102
SRQ	MCO	2.3138770331064715
SRQ	RDU	2.44759047440465
SRQ	MDW	2.777998674618953
SRQ	RSW	3.351498202157411
STL	OAK	-10.0
STL	XNA	-6.0
STL	MEM	2.4453273998728546
STL	GRR	3.495429616087751
STL	LEX	3.6928471248246844
STL	CMI	3.8727272727272726
STL	CVG	4.864340847831414
STL	MSP	4.944719494147719
STL	MSN	5.046260601387818
STL	BNA	5.067941251877083
STT	RDU	1.8111587982832618
STT	ATL	2.173024523160763
STT	SJU	2.8577334411791138
STT	CLT	4.22544080604534
STT	EWR	4.607227769852591
STT	MIA	5.646228001345141
STT	LGA	6.067415730337078
STT	JFK	7.397025602409639
STT	BOS	10.054884742041713
STT	STX	11.635464549380137
STX	SJU	0.20850935425467712
STX	STT	1.3478822314049588
STX	PHL	1.9799482535575679
STX	RDU	3.239889705882353
STX	MIA	4.305025996533796
STX	MCO	4.797297297297297
STX	JFK	5.03347280334728
STX	EWR	6.747919143876338
STX	CLT	11.59051724137931
STX	ATL	11.596513075965131
SUN	LAX	0.5555555555555556
SUN	SLC	1.1428149896724697
SUN	BOI	17.46511627906977
SUX	DEN	0.5180722891566265
SUX	CID	1.1471816283924843
SUX	ORD	1.8839869281045751
SUX	MSP	2.096057209122536
SUX	MLI	2.3114754098360657
SUX	LNK	2.3209603269198027
SUX	STL	4.047413793103448
SUX	FSD	4.422818791946309
SUX	PHX	4.824281150159744
SUX	OMA	7.4045226130653266
SWF	LGA	-1.0
SWF	DFW	0.9473684210526315
SWF	TPA	1.1783216783216783
SWF	RDU	1.9695421095666394
SWF	ALB	2.31
SWF	JFK	2.5
SWF	BWI	3.1977611940298507
SWF	MCO	3.3420054200542006
SWF	CLT	4.012008733624454
SWF	PIT	4.133775233504068
SYR	SJU	1.6111111111111112
SYR	DTW	1.8753862793572311
SYR	RDU	2.1208847736625516
SYR	ISP	3.008668242710796
SYR	BDL	3.445850622406639
SYR	ROC	3.4814410480349345
SYR	MCO	3.9328
SYR	BUF	4.344793470195399
SYR	CLT	4.402427921092564
SYR	BTV	4.455268389662028
TEX	PHX	10.609403254972875
TLH	CSG	0.0
TLH	AGS	0.0
TLH	AUS	0.0
TLH	IAD	0.0
TLH	MLB	0.0
TLH	PBI	3.3118279569892475
TLH	MCO	3.6513468809073726
TLH	TPA	3.6549575921339037
TLH	MEM	3.8238021638330757
TLH	CLT	4.2524505093215454
TOL	DFW	-0.2682926829268293
TOL	SBN	0.0
TOL	DAY	2.34597660404112
TOL	CVG	2.6142523364485983
TOL	STL	2.827856025039124
TOL	PIT	3.2128592941792706
TOL	FWA	6.738502673796791
TOL	ORD	7.058166862514689
TOL	ATL	7.843383245649535
TOL	AZO	20.0
TPA	PIE	-17.0
TPA	DAB	-9.0
TPA	LEX	-1.5508474576271187
TPA	PHF	0.7123893805309734
TPA	AUS	1.669195751138088
TPA	CAK	1.7809747504403992
TPA	SLC	2.421516754850088
TPA	CHS	2.551526717557252
TPA	GPT	2.5656509695290857
TPA	HSV	2.601574803149606
TRI	AVL	0.0
TRI	LEX	0.0
TRI	TYS	2.2733333333333334
TRI	PIT	2.680947012401353
TRI	CLT	2.8006089728341026
TRI	MEM	4.104961832061068
TRI	CVG	4.342562074269392
TRI	ATL	13.844819776095257
TRI	MCO	16.26086956521739
TTN	LGA	-5.0
TTN	PIT	2.5282308657465498
TTN	BOS	9.909230769230769
TTN	ATL	11.201219512195122
TTN	JFK	15.0
TUL	ELP	-1.0
TUL	BNA	0.3262411347517731
TUL	AUS	0.46710526315789475
TUL	SMF	0.8425925925925926
TUL	LAX	0.9330065359477124
TUL	OMA	2.467277486910995
TUL	MEM	2.8053398058252426
TUL	SAT	2.8317399617590824
TUL	SLC	2.9457065529402118
TUL	ICT	3.0470319634703196
TUP	ATL	8.609951845906902
TUS	DTW	-4.0
TUS	IAD	-0.4386503067484663
TUS	SFO	-0.13824057450628366
TUS	CLT	0.17006802721088435
TUS	SNA	0.8305263157894737
TUS	PIT	1.396551724137931
TUS	ELP	1.5830212234706618
TUS	GEG	2.1791044776119404
TUS	OMA	2.6074074074074076
TUS	MSP	2.6126126126126126
TVC	DTW	4.674307304785894
TVC	MSP	6.294117647058823
TVC	CVG	7.960151802656546
TVC	DFW	9.37037037037037
TVC	ORD	12.030056157557542
TVC	DEN	12.954022988505747
TVC	ATL	14.092783505154639
TVC	LGA	14.717948717948717
TVC	MSN	24.0
TVC	MQT	24.92996910401648
TVL	RNO	-4.0
TVL	SJC	2.50561797752809
TVL	SFO	10.914847161572052
TWF	LAX	0.6923076923076923
TWF	ORD	3.0625
TWF	SLC	3.8261874197689347
TWF	SUN	87.0
TWF	EKO	124.5
TWF	BOI	186.42857142857142
TXK	DFW	1.9817162086371285
TXK	IAH	2.4457061745919093
TXK	TYR	202.5
TYR	AEX	0.0
TYR	DFW	1.4118346156251955
TYR	IAH	4.35158093440302
TYR	TXK	73.0
TYS	AEX	-59.0
TYS	DCA	-7.5
TYS	CRW	0.0
TYS	GSO	0.0
TYS	DEN	1.6944198405668733
TYS	CLT	2.3176736514142586
TYS	MEM	2.3444292549555708
TYS	IAD	2.509829280910502
TYS	PIT	2.731647979691136
TYS	BNA	3.0498405103668262
UCA	PIT	3.6459909228441756
UCA	BWI	3.747104247104247
UCA	SYR	4.251372118551043
UCA	EWR	13.966666666666667
VCT	IAH	2.3480475382003396
VCT	ILE	160.0
VIS	FAT	0.07273802483737433
VIS	LAX	0.8954248366013072
VLD	GNV	0.0
VLD	MCN	0.0
VLD	ATL	11.621539353529498
VPS	DHN	-6.0
VPS	AUS	-0.6666666666666666
VPS	XNA	0.0
VPS	MEM	1.5311602461819012
VPS	IAH	3.50193401592719
VPS	CVG	7.737885462555066
VPS	DFW	8.811623499684144
VPS	ATL	11.881577432354634
VPS	ORD	21.828908554572273
VPS	LGA	27.25
WRG	KTN	8.392889154466687
WRG	PSG	10.063790729692519
WYS	SLC	-0.8811320754716981
XNA	FAR	-15.0
XNA	CLE	-5.2642642642642645
XNA	CAK	-5.0
XNA	SLC	2.031862745098039
XNA	DCA	4.280936454849498
XNA	DEN	4.983877159309021
XNA	CVG	5.374481658692185
XNA	MEM	6.1510174937522315
XNA	IAH	6.297409074321859
XNA	MSP	6.304383116883117
YAK	ANC	3.3333333333333335
YAK	JNU	5.517251419420585
YAK	CDV	10.625184311412562
YAP	ROR	18.672463768115943
YAP	GUM	21.643790849673202
YKM	SEA	0.5562130177514792
YKM	PSC	1.1183574879227054
YKM	SLC	5.009408602150538
YKM	SJC	25.0
YKM	SFO	35.0
YUM	PHX	4.273542245140817
YUM	LAX	4.66731488406881
YUM	IPL	5.2689367616400276
YUM	SLC	5.690322580645161
YUM	LAS	9.675949367088608
